Time (seconds),Amplitude
0.0,1.0
0.008,0.9003241658210753
0.016,0.35858994722366333
0.024,0.051458671689033515
0.032,0.04659643396735191
0.04,0.1268233358860016
0.048,0.1333063244819641
0.056,0.11912479996681212
0.064,0.11061588674783707
0.072,0.11304700374603271
0.08,0.10656402260065077
0.088,0.10696920752525328
0.096,0.11588330566883089
0.104,0.1223662868142128
0.112,0.1223662868142128
0.12,0.11952998489141464
0.128,0.11588330566883089
0.136,0.1223662868142128
0.144,0.12601296603679657
0.152,0.13371150195598602
0.16,0.13492706418037415
0.168,0.1426256150007248
0.176,0.15113452076911926
0.184,0.1584278792142868
0.192,0.1636953055858612
0.2,0.1738249659538269
0.208,0.18881686031818387
0.216,0.2078606188297272
0.224,0.23095624148845673
0.232,0.25850892066955566
0.24,0.2945705056190491
0.248,0.32576984167099
0.256,0.3626418113708496
0.264,0.3982982039451599
0.272,0.4294975697994232
0.28,0.4493516981601715
0.288,0.4509724378585816
0.296,0.4189627170562744
0.304,0.3727714717388153
0.312,0.3103727698326111
0.32,0.25
0.328,0.2042139321565628
0.336,0.1689627170562744
0.344,0.1474878489971161
0.352,0.13047002255916595
0.36,0.12439221888780592
0.368,0.1175040528178215
0.376,0.11669367551803587
0.384,0.11588330566883089
0.392,0.11871960759162901
0.4,0.11547812074422836
0.408,0.11385737359523772
0.416,0.11952998489141464
0.424,0.11669367551803587
0.432,0.1227714717388153
0.44,0.12074553966522215
0.448,0.11669367551803587
0.456,0.1227714717388153
0.464,0.12641815841197968
0.472,0.13168556988239288
0.48,0.14181523025035858
0.488,0.13938412070274353
0.496,0.14505672454833984
0.504,0.1434359848499298
0.512,0.14100486040115356
0.52,0.14059968292713165
0.528,0.1381685584783554
0.536,0.13695299625396729
0.544,0.132090762257576
0.552,0.1284440904855728
0.56,0.1284440904855728
0.568,0.1280388981103897
0.576,0.12520259618759155
0.584,0.1223662868142128
0.592,0.117098867893219
0.6,0.1126418188214302
0.608,0.11304700374603271
0.616,0.1276337057352066
0.624,0.16531604528427124
0.632,0.1794975697994232
0.64,0.16126418113708496
0.648,0.17666126787662506
0.656,0.18273906409740448
0.664,0.17463533580303192
0.672,0.15153971314430237
0.68,0.147893026471138
0.688,0.13492706418037415
0.696,0.1227714717388153
0.704,0.10696920752525328
0.712,0.09805510193109512
0.72,0.09440843015909195
0.728,0.08914100378751753
0.736,0.08914100378751753
0.744,0.08873581886291504
0.752,0.09076175093650816
0.76,0.08589951694011688
0.768,0.08589951694011688
0.776,0.08914100378751753
0.784,0.08427876979112625
0.792,0.05794165283441544
0.8,0.0
0.808,0.11628849059343338
0.816,0.3095623850822449
0.824,0.8342787623405457
0.832,0.9643436074256898
0.84,0.5615883469581604
0.848,0.08144246041774748
0.856,0.03241490945219993
0.864,0.1126418188214302
0.872,0.15235008299350739
0.88,0.13573743402957916
0.888,0.12479740381240843
0.896,0.12358184903860092
0.904,0.12358184903860092
0.912,0.11588330566883089
0.92,0.11547812074422836
0.928,0.11669367551803587
0.936,0.12479740381240843
0.944,0.1280388981103897
0.952,0.13006483018398285
0.96,0.1268233358860016
0.968,0.12965963780879974
0.976,0.13614262640476227
0.984,0.0
0.992,0.0
1.0,0.0
1.008,0.0
1.016,0.0
1.024,0.0
1.032,0.0
1.04,0.0
1.048,0.0
1.056,0.0
1.064,0.0
1.072,0.0
1.08,0.0
1.088,0.0
1.096,0.0
1.104,0.0
1.112,0.0
1.12,0.0
1.128,0.0
1.136,0.0
1.144,0.0
1.152,0.0
1.16,0.0
1.168,0.0
1.176,0.0
1.184,0.0
1.192,0.0
1.2,0.0
1.208,0.0
1.216,0.0
1.224,0.0
1.232,0.0
1.24,0.0
1.248,0.0
1.256,0.0
1.264,0.0
1.272,0.0
1.28,0.0
1.288,0.0
1.296,0.0
1.304,0.0
1.312,0.0
1.32,0.0
1.328,0.0
1.336,0.0
1.344,0.0
1.352,0.0
1.36,0.0
1.368,0.0
1.376,0.0
1.384,0.0
1.392,0.0
1.4,0.0
1.408,0.0
1.416,0.0
1.424,0.0
1.432,0.0
1.44,0.0
1.448,0.0
1.456,0.0
1.464,0.0
1.472,0.0
1.48,0.0
1.488,0.0
1.496,1.0
1.504,0.7946814894676208
1.512,0.375386506319046
1.52,0.11688311398029327
1.528,0.0
1.536,0.17192330956459043
1.544,0.283858984708786
1.552,0.29375386238098145
1.56,0.3259121775627136
1.568,0.34508347511291504
1.576,0.3617810904979706
1.584,0.3623995184898376
1.592,0.36611008644104
1.6,0.3679653704166412
1.608,0.37414965033531195
1.616,0.3778602480888367
1.624,0.3821892440319061
1.632,0.3846629559993744
1.64,0.3988868296146393
1.648,0.40136054158210754
1.656,0.4180581271648407
1.664,0.4434137344360352
1.672,0.4576376080513
1.68,0.48794063925743103
1.688,0.5207173824310303
1.696,0.5596784353256226
1.704,0.604205310344696
1.712,0.6345083713531494
1.72,0.6536796689033508
1.728,0.6728509664535521
1.736,0.6784168481826782
1.744,0.6604823470115662
1.752,0.6215213537216187
1.76,0.5559678673744202
1.768,0.48237475752830505
1.776,0.4384663105010986
1.784,0.3784786760807037
1.792,0.3512677848339081
1.8,0.31972789764404297
1.808,0.3067408800125122
1.816,0.29560914635658264
1.824,0.2931354343891144
1.832,0.29189857840538025
1.84,0.29251700639724726
1.848,0.2789115607738495
1.856,0.2789115607738495
1.864,0.2807668447494507
1.872,0.2807668447494507
1.88,0.2857142984867096
1.888,0.27458256483078
1.896,0.2752009928226471
1.904,0.27396413683891296
1.912,0.2844774127006531
1.92,0.2764378488063812
1.928,0.2752009928226471
1.936,0.2776747047901153
1.944,0.2795299887657165
1.952,0.2826221287250519
1.96,0.2795299887657165
1.968,0.2733457088470459
1.976,0.268398255109787
1.984,0.26901668310165405
1.992,0.2677798271179199
2.0,0.2572665512561798
2.008,0.2523190975189209
2.016,0.252937525510788
2.024,0.2572665512561798
2.032,0.24984538555145264
2.04,0.2510822415351868
2.048,0.2510822415351868
2.056,0.24984538555145264
2.064,0.2418058067560196
2.072,0.24118737876415247
2.08,0.243661105632782
2.088,0.24489796161651609
2.096,0.23933209478855133
2.104,0.2418058067560196
2.112,0.23871366679668424
2.12,0.24242424964904785
2.128,0.24118737876415247
2.136,0.2306740880012512
2.144,0.2325293719768524
2.152,0.22820037603378293
2.16,0.2374768108129501
2.168,0.2430426776409149
2.176,0.243661105632782
2.184,0.2430426776409149
2.192,0.26901668310165405
2.2,0.26345083117485046
2.208,0.29066172242164606
2.216,0.2764378488063812
2.224,0.2782931327819824
2.232,0.25170066952705383
2.24,0.25664812326431274
2.248,0.2523190975189209
2.256,0.24613481760025024
2.264,0.24675324559211728
2.272,0.2380952388048172
2.28,0.22077922523021695
2.288,0.2306740880012512
2.296,0.2356215268373489
2.304,0.24613481760025024
2.312,0.24427953362464905
2.32,0.2504638135433197
2.328,0.25850340723991394
2.336,0.2560296952724457
2.344,0.3469387888908386
2.352,0.41682127118110657
2.36,0.5170068144798279
2.368,0.8695114254951477
2.376,0.9845392704010008
2.384,0.5553494095802307
2.392,0.2418058067560196
2.4,0.030921459197998047
2.408,0.044526901096105576
2.416,0.2275819480419159
2.424,0.268398255109787
2.432,0.2813852727413177
2.44,0.31663575768470764
2.448,0.3259121775627136
2.456,0.3314780592918396
2.464,0.33951762318611145
2.472,0.3487940728664398
2.48,0.3469387888908386
2.488,0.344465047121048
2.496,0.35003092885017395
2.504,0.35930734872818
2.512,0.3667285144329071
2.52,0.37662336230278015
2.528,0.38589981198310846
2.536,0.3976499736309052
2.544,0.41682127118110657
2.552,0.0
2.56,0.0
2.568,0.0
2.576,0.0
2.584,0.0
2.592,0.0
2.6,0.0
2.608,0.0
2.616,0.0
2.624,0.0
2.632,0.0
2.64,0.0
2.648,0.0
2.656,0.0
2.664,0.0
2.672,0.0
2.68,0.0
2.688,0.0
2.696,0.0
2.704,0.0
2.712,0.0
2.72,0.0
2.728,0.0
2.736,0.0
2.744,0.0
2.752,0.0
2.76,0.0
2.768,0.0
2.776,0.0
2.784,0.0
2.792,0.0
2.8,0.0
2.808,0.0
2.816,0.0
2.824,0.0
2.832,0.0
2.84,0.0
2.848,0.0
2.856,0.0
2.864,0.0
2.872,0.0
2.88,0.0
2.888,0.0
2.896,0.0
2.904,0.0
2.912,0.0
2.92,0.0
2.928,0.0
2.936,0.0
2.944,0.0
2.952,0.0
2.96,0.0
2.968,0.0
2.976,0.0
2.984,0.0
2.992,0.909028947353363
3.0,0.7914820909500122
3.008,0.423168659210205
3.016,0.18671210110187528
3.024,0.0
3.032,0.007836456410586836
3.04,0.063032366335392
3.048,0.07700170576572418
3.056,0.07495740801095961
3.064,0.07734242081642151
3.072,0.07734242081642151
3.08,0.08722317218780516
3.088,0.09199318289756776
3.096,0.09505962580442429
3.104,0.0964224860072136
3.112,0.10494037717580797
3.12,0.10800681263208388
3.128,0.11379897594451904
3.136,0.11652470380067824
3.144,0.11993185430765152
3.152,0.12436115741729736
3.16,0.13219761848449707
3.168,0.14582623541355133
3.176,0.15264055132865903
3.184,0.1635434478521347
3.192,0.17546848952770233
3.2,0.18943782150745392
3.208,0.2047700136899948
3.216,0.22930152714252472
3.224,0.25281089544296265
3.232,0.27597954869270325
3.24,0.3025553524494171
3.248,0.32129472494125366
3.256,0.33390119671821594
3.264,0.3458262383937836
3.272,0.3485519587993622
3.28,0.3471890985965729
3.288,0.3342418968677521
3.296,0.3066439628601074
3.304,0.27461668848991394
3.312,0.23781941831111908
3.32,0.20647358894348145
3.328,0.18364565074443817
3.336,0.16252128779888153
3.344,0.14514480531215668
3.352,0.135264053940773
3.36,0.12572401762008667
3.368,0.11993185430765152
3.376,0.1158432736992836
3.384,0.11277683079242706
3.392,0.11005111038684844
3.4,0.11311754584312438
3.408,0.1107325404882431
3.416,0.10902895778417589
3.424,0.11175468564033508
3.432,0.11175468564033508
3.44,0.11618398874998093
3.448,0.11993185430765152
3.456,0.12129472196102142
3.464,0.12061328440904616
3.472,0.11788756400346756
3.48,0.12299829721450804
3.488,0.12436115741729736
3.496,0.12572401762008667
3.504,0.12402044236660004
3.512,0.126064732670784
3.52,0.12708687782287595
3.528,0.12197615206241608
3.536,0.12708687782287595
3.544,0.12640544772148132
3.552,0.1287904530763626
3.56,0.12640544772148132
3.568,0.12436115741729736
3.576,0.125042587518692
3.584,0.13219761848449707
3.592,0.12947189807891843
3.6,0.12708687782287595
3.608,0.12367972731590272
3.616,0.12640544772148132
3.624,0.12299829721450804
3.632,0.12061328440904616
3.64,0.12197615206241608
3.648,0.12061328440904616
3.656,0.12640544772148132
3.664,0.12265758216381072
3.672,0.12402044236660004
3.68,0.12163543701171876
3.688,0.12470187246799468
3.696,0.12844973802566528
3.704,0.1315161883831024
3.712,0.13185690343379974
3.72,0.13492333889007568
3.728,0.13662691414356232
3.736,0.1356047689914703
3.744,0.13662691414356232
3.752,0.13458262383937836
3.76,0.13492333889007568
3.768,0.13492333889007568
3.776,0.13594548404216766
3.784,0.14071550965309143
3.792,0.1390119194984436
3.8,0.14071550965309143
3.808,0.14105622470378876
3.816,0.14446337521076202
3.824,0.14480409026145935
3.832,0.14446337521076202
3.84,0.14412266016006467
3.848,0.14514480531215668
3.856,0.14889267086982727
3.864,0.1482112407684326
3.872,0.15127767622470856
3.88,0.1482112407684326
3.888,0.1468483805656433
3.896,0.1478705257177353
3.904,0.1492333859205246
3.912,0.15161839127540588
3.92,0.16320273280143735
3.928,0.18841567635536197
3.936,0.20919932425022125
3.944,0.21601362526416776
3.952,0.2538330554962158
3.96,0.2582623362541199
3.968,0.2603066563606262
3.976,0.261328786611557
3.984,0.2327086925506592
3.992,0.2197615057229996
4.0,0.2126064747571945
4.008,0.16967631876468658
4.016,0.1403747797012329
4.024,0.12981261312961578
4.032,0.12674616277217865
4.04,0.12538330256938934
4.048,0.126064732670784
4.056,0.1287904530763626
4.064,0.11277683079242706
4.072,0.135264053940773
4.08,0.22896081209182736
4.088,0.5908007025718689
4.096,0.9904599785804749
4.104,1.0
4.112,0.6749573945999146
4.12,0.33253833651542664
4.128,0.1315161883831024
4.136,0.07768313586711884
4.144,0.13424190878868103
4.152,0.16729131340980527
4.16,0.16626916825771332
4.168,0.16831345856189728
4.176,0.16831345856189728
4.184,0.1700170338153839
4.192,0.17410561442375183
4.2,0.17819420993328094
4.208,0.18364565074443817
4.216,0.186371386051178
4.224,0.19114139676094052
4.232,0.1945485472679138
4.24,0.20170357823371887
4.248,0.20817717909812927
4.256,0.2122657597064972
4.264,0.2197615057229996
4.272,0.22759795188903809
4.28,0.23884156346321103
4.288,0.24906302988529205
4.296,0.2545144855976105
4.304,0.2701874077320099
4.312,0.0
4.32,0.0
4.328,0.0
4.336,0.0
4.344,0.0
4.352,0.0
4.36,0.0
4.368,0.0
4.376,0.0
4.384,0.0
4.392,0.0
4.4,0.0
4.408,0.0
4.416,0.0
4.424,0.0
4.432,0.0
4.44,0.0
4.448,0.0
4.456,0.0
4.464,0.0
4.472,0.0
4.48,0.0
4.488,1.0
4.496,0.4788933396339417
4.504,0.05675984174013138
4.512,0.06417569518089294
4.52,0.08128921687602995
4.528,0.07273245602846146
4.536,0.05561893805861473
4.544,0.04877353087067604
4.552,0.05447803810238838
4.56,0.041642896831035614
4.568,0.04905875772237778
4.576,0.05134055763483048
4.584,0.049343980848789215
4.592,0.04592127725481987
4.6,0.04991443082690239
4.608,0.05390758812427521
4.616,0.04962920770049095
4.624,0.04592127725481987
4.632,0.05504848808050156
4.64,0.05362236127257347
4.648,0.06360524892807007
4.656,0.0661722794175148
4.664,0.08328579366207123
4.672,0.09498003125190736
4.68,0.11580148339271544
4.688,0.13120365142822263
4.696,0.1531659960746765
4.704,0.17826582491397855
4.712,0.21021106839179993
4.72,0.23274387419223783
4.728,0.2661152184009552
4.736,0.28665146231651306
4.744,0.3057615458965301
4.752,0.31745579838752747
4.76,0.30490586161613464
4.768,0.2646891176700592
4.776,0.22390188276767728
4.784,0.1916714161634445
4.792,0.14090131223201752
4.8,0.11180832982063292
4.808,0.0924130082130432
4.816,0.06959497928619385
4.824,0.0738733634352684
4.832,0.055904164910316474
4.84,0.06417569518089294
4.848,0.055904164910316474
4.856,0.05333713814616203
4.864,0.054192811250686646
4.872,0.06274957209825516
4.88,0.0638904720544815
4.888,0.0638904720544815
4.896,0.06873930245637894
4.904,0.06731317937374115
4.912,0.06474614888429642
4.92,0.06531660258769989
4.928,0.06930975615978241
4.936,0.06474614888429642
4.944,0.06560182571411133
4.952,0.06446092575788498
4.96,0.06046776846051216
4.968,0.06560182571411133
4.976,0.06645750254392624
4.984,0.05647461488842964
4.992,0.06018254533410072
5.0,0.05191101133823394
5.008,0.05191101133823394
5.016,0.050199657678604126
5.024,0.04905875772237778
5.032,0.045350827276706696
5.04,0.05790074169635773
5.048,0.052196234464645386
5.056,0.03936109691858292
5.064,0.04420992732048035
5.072,0.04192812368273735
5.08,0.04734740406274796
5.088,0.04677695408463478
5.096,0.043639473617076874
5.104,0.042783800512552254
5.112,0.04050199687480927
5.12,0.03707929328083992
5.128,0.04734740406274796
5.136,0.042498573660850525
5.144,0.039646320044994354
5.152,0.04050199687480927
5.16,0.03736451640725136
5.168,0.03907587006688117
5.176,0.04420992732048035
5.184,0.03736451640725136
5.192,0.03508271649479866
5.2,0.03108956106007099
5.208,0.034512266516685486
5.216,0.029663434252142903
5.224,0.036508843302726746
5.232,0.030519109219312668
5.24,0.03508271649479866
5.248,0.04192812368273735
5.256,0.03736451640725136
5.264,0.035653166472911835
5.272,0.03023388423025608
5.28,0.03879064321517944
5.288,0.03622361645102501
5.296,0.028522532433271408
5.304,0.0353679396212101
5.312,0.03879064321517944
5.32,0.03194523602724075
5.328,0.0430690236389637
5.336,0.03508271649479866
5.344,0.03622361645102501
5.352,0.03822019323706626
5.36,0.05989731848239899
5.368,0.07216200977563858
5.376,0.07130633294582367
5.384,0.08870507776737213
5.392,0.1069594994187355
5.4,0.11323445290327072
5.408,0.12122076749801636
5.416,0.13034798204898834
5.424,0.10296634584665298
5.432,0.08128921687602995
5.44,0.059326868504285805
5.448,0.034512266516685486
5.456,0.027666857466101646
5.464,0.033656589686870575
5.472,0.027952082455158237
5.48,0.018824871629476547
5.488,0.02224757522344589
5.496,0.024814603850245476
5.504,0.02338847704231739
5.512,0.025385053828358647
5.52,0.0
5.528,0.010553336702287195
5.536,0.27495720982551575
5.544,0.6591557264328003
5.552,0.9386765360832214
5.56,0.7703936100006102
5.568,0.14061608910560608
5.576,0.061038218438625336
5.584,0.08699372410774232
5.592,0.0
5.6,0.0
5.608,0.0
5.616,0.0
5.624,0.0
5.632,0.0
5.64,0.0
5.648,0.0
5.656,0.0
5.664,0.0
5.672,0.0
5.68,0.0
5.688,0.0
5.696,0.0
5.704,0.0
5.712,0.0
5.72,0.0
5.728,0.0
5.736,0.0
5.744,0.0
5.752,0.0
5.76,0.0
5.768,0.0
5.776,0.0
5.784,0.0
5.792,0.0
5.8,0.0
5.808,0.0
5.816,0.0
5.824,0.0
5.832,0.0
5.84,0.0
5.848,0.0
5.856,0.0
5.864,0.0
5.872,0.0
5.88,0.0
5.888,0.0
5.896,0.0
5.904,0.0
5.912,0.0
5.92,0.0
5.928,0.0
5.936,0.0
5.944,0.0
5.952,0.0
5.96,0.0
5.968,0.0
5.976,0.0
5.984,1.0
5.992,0.8672383427619934
6.0,0.20136013627052307
6.008,0.09934949874877928
6.016,0.14133648574352264
6.024,0.12093435972929
6.032,0.1085156723856926
6.04,0.0963926687836647
6.048,0.09343583881855011
6.056,0.10082791000604628
6.064,0.08693081140518188
6.072,0.09402720630168913
6.08,0.09580130130052567
6.088,0.0963926687836647
6.096,0.08959195762872696
6.104,0.09491425007581712
6.112,0.08959195762872696
6.12,0.09491425007581712
6.128,0.09816676378250122
6.136,0.10230632871389388
6.144,0.0996451824903488
6.152,0.09668835252523422
6.16,0.1085156723856926
6.168,0.12773506343364716
6.176,0.1283264309167862
6.184,0.14902424812316895
6.192,0.17238320410251615
6.2,0.20402128994464877
6.208,0.22176226973533633
6.216,0.25428739190101624
6.224,0.2847427427768707
6.232,0.3092844486236572
6.24,0.32968658208847046
6.248,0.34417504072189326
6.256,0.35984623432159424
6.264,0.333530455827713
6.272,0.2921348214149475
6.28,0.25340035557746887
6.288,0.21673566102981567
6.296,0.1714961528778076
6.304,0.13867534697055817
6.312,0.11590774357318878
6.32,0.10644589364528656
6.328,0.10348905622959136
6.336,0.08515670895576477
6.344,0.08338261395692825
6.352,0.08900059014558792
6.36,0.08190419524908066
6.368,0.08072146773338316
6.376,0.08604376018047331
6.384,0.0813128352165222
6.392,0.07687758654356003
6.4,0.0887049064040184
6.408,0.0963926687836647
6.416,0.10289769619703291
6.424,0.08811353892087936
6.432,0.0946185663342476
6.44,0.10585452616214752
6.448,0.10141927748918532
6.456,0.08811353892087936
6.464,0.10053222626447676
6.472,0.09550561755895615
6.48,0.10467179119586945
6.488,0.091661736369133
6.496,0.08988764137029648
6.504,0.09520993381738663
6.512,0.09846244752407074
6.52,0.08515670895576477
6.528,0.08515670895576477
6.536,0.091661736369133
6.544,0.07628621906042099
6.552,0.08308693021535873
6.56,0.07746895402669905
6.568,0.08397398144006729
6.576,0.07539917528629304
6.584,0.07421644032001494
6.592,0.08367829769849777
6.6,0.07392075657844542
6.608,0.07392075657844542
6.616,0.06978119164705276
6.624,0.07303370535373686
6.632,0.07273802161216736
6.64,0.06771141290664673
6.648,0.07007687538862228
6.656,0.08338261395692825
6.664,0.0626848042011261
6.672,0.07244234532117844
6.68,0.07096392661333084
6.688,0.07865168899297714
6.696,0.07539917528629304
6.704,0.06534595042467117
6.712,0.08072146773338316
6.72,0.07332938909530638
6.728,0.06475458294153214
6.736,0.08013010025024414
6.744,0.0718509778380394
6.752,0.07007687538862228
6.76,0.06564163416624069
6.768,0.07539917528629304
6.776,0.06386753171682358
6.784,0.06386753171682358
6.792,0.07007687538862228
6.8,0.06623300164937973
6.808,0.0688941478729248
6.816,0.06712004542350769
6.824,0.06238912045955657
6.832,0.06918983161449432
6.84,0.06534595042467117
6.848,0.07066824287176132
6.856,0.06386753171682358
6.864,0.06682436168193817
6.872,0.08456534892320633
6.88,0.105558842420578
6.888,0.08900059014558792
6.896,0.10171496123075484
6.904,0.12507392466068268
6.912,0.1374926120042801
6.92,0.14281490445137024
6.928,0.15937314927577972
6.936,0.12507392466068268
6.944,0.10969839990139008
6.952,0.08219987899065018
6.96,0.06327616423368454
6.968,0.04997043311595917
6.976,0.04376108944416046
6.984,0.03548196330666542
6.992,0.03962152451276779
7.0,0.03962152451276779
7.008,0.03962152451276779
7.016,0.0443524532020092
7.024,0.04050857573747634
7.032,0.038734477013349526
7.04,0.0
7.048,0.20313423871994016
7.056,0.5901833176612854
7.064,0.9305145144462584
7.072,0.9858072400093079
7.08,0.2953873574733734
7.088,0.06534595042467117
7.096,0.10526315867900848
7.104,0.10171496123075484
7.112,0.08338261395692825
7.12,0.0
7.128,0.0
7.136,0.0
7.144,0.0
7.152,0.0
7.16,0.0
7.168,0.0
7.176,0.0
7.184,0.0
7.192,0.0
7.2,0.0
7.208,0.0
7.216,0.0
7.224,0.0
7.232,0.0
7.24,0.0
7.248,0.0
7.256,0.0
7.264,0.0
7.272,0.0
7.28,0.0
7.288,0.0
7.296,0.0
7.304,0.0
7.312,0.0
7.32,0.0
7.328,0.0
7.336,0.0
7.344,0.0
7.352,0.0
7.36,0.0
7.368,0.0
7.376,0.0
7.384,0.0
7.392,0.0
7.4,0.0
7.408,0.0
7.416,0.0
7.424,0.0
7.432,0.0
7.44,0.0
7.448,0.0
7.456,0.0
7.464,0.0
7.472,0.0
7.48,0.9489833116531373
7.488,0.5052650570869446
7.496,0.0041757444851100445
7.504,0.022512707859277725
7.512,0.05954974517226219
7.52,0.10729847848415373
7.528,0.11038489639759064
7.536,0.11129266768693924
7.544,0.1165577322244644
7.552,0.11819171905517578
7.56,0.11310820281505583
7.568,0.1323529481887817
7.576,0.129992738366127
7.584,0.13289760053157806
7.592,0.13725490868091583
7.6,0.15123456716537476
7.608,0.15795207023620603
7.616,0.15559186041355133
7.624,0.1801016628742218
7.632,0.1870007216930389
7.64,0.20025417208671567
7.648,0.22512708604335785
7.656,0.23983296751976013
7.664,0.27450981736183167
7.672,0.2872186005115509
7.68,0.3137255012989044
7.688,0.33678287267684937
7.696,0.34731298685073847
7.704,0.35421204566955566
7.712,0.3400508463382721
7.72,0.31681191921234125
7.728,0.2677923142910004
7.736,0.22367465496063232
7.744,0.1801016628742218
7.752,0.15613652765750885
7.76,0.1348946988582611
7.768,0.11401597410440444
7.776,0.10675381124019621
7.784,0.10475672036409378
7.792,0.0882352963089943
7.8,0.09368191659450531
7.808,0.10112563520669936
7.816,0.09694989025592805
7.824,0.09658678621053696
7.832,0.0949527993798256
7.84,0.09658678621053696
7.848,0.09531590342521667
7.856,0.09259258955717087
7.864,0.09931009262800217
7.872,0.1031227335333824
7.88,0.10366739332675932
7.888,0.1062091514468193
7.896,0.10584603995084763
7.904,0.09912853688001633
7.912,0.09876543283462524
7.92,0.10384894907474516
7.928,0.1043936088681221
7.936,0.10058097541332243
7.944,0.09277414530515671
7.952,0.09204792976379393
7.96,0.10003630816936492
7.968,0.09077705442905426
7.976,0.09059549868106842
7.984,0.09803921729326248
7.992,0.09622367471456528
8.0,0.08750908076763153
8.008,0.09822077304124832
8.016,0.09023238718509674
8.024,0.08533042669296265
8.032,0.0900508314371109
8.04,0.09331881254911423
8.048,0.08315178006887437
8.056,0.09222948551177977
8.064,0.08297022432088853
8.072,0.08242556452751158
8.08,0.09749455004930496
8.088,0.12236746400594713
8.096,0.11619462817907332
8.104,0.11946260184049606
8.112,0.13997821509838104
8.12,0.09694989025592805
8.128,0.1205519214272499
8.136,0.11328975856304167
8.144,0.09277414530515671
8.152,0.08732752501964569
8.16,0.08333333581686019
8.168,0.08496732264757155
8.176,0.07244008779525757
8.184,0.07952069491147995
8.192,0.08641975373029709
8.2,0.07933914661407471
8.208,0.07425563037395477
8.216,0.08333333581686019
8.224,0.024872912093997
8.232,0.017247639596462246
8.24,0.20769789814949036
8.248,0.5301379561424255
8.256,1.0
8.264,0.9248365759849548
8.272,0.4413580298423767
8.28,0.0
8.288,0.022512707859277725
8.296,0.07461873441934586
8.304,0.11002178490161896
8.312,0.1227305755019188
8.32,0.1013071909546852
8.328,0.11365287005901337
8.336,0.10856935381889345
8.344,0.11855483055114746
8.352,0.11456064134836196
8.36,0.13162672519683835
8.368,0.13380537927150726
8.376,0.1425199657678604
8.384,0.15395787358283997
8.392,0.15214233100414276
8.4,0.163035586476326
8.408,0.16594044864177704
8.416,0.1926289051771164
8.424,0.20025417208671567
8.432,0.2182280272245407
8.44,0.24037763476371765
8.448,0.26724764704704285
8.456,0.3070079982280731
8.464,0.3224400877952576
8.472,0.3331517875194549
8.48,0.3503994047641754
8.488,0.3589324653148651
8.496,0.3471314311027527
8.504,0.0
8.512,0.0
8.52,0.0
8.528,0.0
8.536,0.0
8.544,0.0
8.552,0.0
8.56,0.0
8.568,0.0
8.576,0.0
8.584,0.0
8.592,0.0
8.6,0.0
8.608,0.0
8.616,0.0
8.624,0.0
8.632,0.0
8.64,0.0
8.648,0.0
8.656,0.0
8.664,0.0
8.672,0.0
8.68,0.0
8.688,0.0
8.696,0.0
8.704,0.0
8.712,0.0
8.72,0.0
8.728,0.0
8.736,0.0
8.744,0.0
8.752,0.0
8.76,0.0
8.768,0.0
8.776,0.0
8.784,0.0
8.792,0.0
8.8,0.0
8.808,0.0
8.816,0.0
8.824,0.0
8.832,0.0
8.84,0.0
8.848,0.0
8.856,0.0
8.864,0.0
8.872,0.0
8.88,0.0
8.888,0.0
8.896,0.0
8.904,0.0
8.912,0.0
8.92,0.0
8.928,0.0
8.936,0.0
8.944,0.0
8.952,0.0
8.96,0.0
8.968,0.0
8.976,1.0
8.984,0.487679660320282
8.992,0.1143052726984024
9.0,0.0
9.008,0.030116358771920204
9.016,0.06502395868301392
9.024,0.06091718003153801
9.032,0.050992470234632485
9.04,0.0533880889415741
9.048,0.051676932722330086
9.056,0.058863792568445206
9.064,0.0561259426176548
9.072,0.0581793300807476
9.08,0.06810403615236281
9.088,0.06570842117071152
9.096,0.07118412107229233
9.104,0.07837098091840744
9.112,0.08076659590005873
9.12,0.09171800315380096
9.128,0.09411361813545228
9.136,0.1122518852353096
9.144,0.1344969272613525
9.152,0.14168377220630643
9.16,0.15434633195400238
9.168,0.18240930140018463
9.176,0.1998631060123444
9.184,0.23648186028003687
9.192,0.2635181248188019
9.2,0.290554404258728
9.208,0.31040382385253906
9.216,0.3302532434463501
9.224,0.33572894334793085
9.232,0.3234086334705353
9.24,0.276865154504776
9.248,0.2310061603784561
9.256,0.18275153636932373
9.264,0.14750170707702637
9.272,0.1197809725999832
9.28,0.09958932548761368
9.288,0.09274469316005705
9.296,0.08076659590005873
9.304,0.07973990589380264
9.312,0.07665982097387315
9.32,0.07529089599847794
9.328,0.07529089599847794
9.336,0.07768651843070982
9.344,0.07529089599847794
9.352,0.07802874594926834
9.36,0.07700205594301222
9.368,0.07426420599222182
9.376,0.07734428346157075
9.384,0.07905544340610504
9.392,0.08042436838150024
9.4,0.08521560579538345
9.408,0.07631759345531462
9.416,0.07529089599847794
9.424,0.08761122822761534
9.432,0.08384668081998825
9.44,0.08213552087545395
9.448,0.08145105838775633
9.456,0.08042436838150024
9.464,0.08350444585084915
9.472,0.08213552087545395
9.48,0.07802874594926834
9.488,0.07871320843696594
9.496,0.07973990589380264
9.504,0.07665982097387315
9.512,0.07837098091840744
9.52,0.07665982097387315
9.528,0.07494866847991942
9.536,0.07700205594301222
9.544,0.08281998336315155
9.552,0.07323750853538513
9.56,0.07597535848617554
9.568,0.07768651843070982
9.576,0.07460643351078033
9.584,0.07700205594301222
9.592,0.07426420599222182
9.6,0.07460643351078033
9.608,0.06810403615236281
9.616,0.07392197102308273
9.624,0.07152634859085083
9.632,0.06741957366466522
9.64,0.07529089599847794
9.648,0.07563313096761702
9.656,0.06707734614610672
9.664,0.07426420599222182
9.672,0.07289527356624603
9.68,0.07049965858459473
9.688,0.07597535848617554
9.696,0.07426420599222182
9.704,0.07357974350452422
9.712,0.07734428346157075
9.72,0.07323750853538513
9.728,0.07460643351078033
9.736,0.07700205594301222
9.744,0.08110883086919785
9.752,0.07939767092466353
9.76,0.07255304604768753
9.768,0.07700205594301222
9.776,0.08487337082624435
9.784,0.07357974350452422
9.792,0.07905544340610504
9.8,0.08384668081998825
9.808,0.07871320843696594
9.816,0.08213552087545395
9.824,0.07597535848617554
9.832,0.10095825046300888
9.84,0.1156741976737976
9.848,0.12217659503221512
9.856,0.13860370218753815
9.864,0.14613278210163116
9.872,0.15331964194774628
9.88,0.15571525692939758
9.888,0.12936344742774963
9.896,0.12799452245235443
9.904,0.1139630377292633
9.912,0.09822040051221848
9.92,0.08590006828308105
9.928,0.07494866847991942
9.936,0.07152634859085083
9.944,0.06981519609689713
9.952,0.059206023812294006
9.96,0.00273785088211298
9.968,0.03935660421848297
9.976,0.24435319006443024
9.984,0.6026694178581238
9.992,0.9941820502281189
10.0,0.7310061454772949
10.008,0.36002737283706665
10.016,0.059206023812294006
10.024,0.02224503830075264
10.032,0.06844627112150192
10.04,0.08966461569070816
10.048,0.08281998336315155
10.056,0.08042436838150024
10.064,0.07905544340610504
10.072,0.08179329335689545
10.08,0.08624230325222014
10.088,0.08521560579538345
10.096,0.08692676573991774
10.104,0.09445585310459137
10.112,0.10164271295070648
10.12,0.10403832793235777
10.128,0.11738535016775133
10.136,0.118412047624588
10.144,0.13004791736602783
10.152,0.13723477721214294
10.16,0.14955510199069977
10.168,0.158453106880188
10.176,0.17590691149234772
10.184,0.19404517114162445
10.192,0.0
10.2,0.0
10.208,0.0
10.216,0.0
10.224,0.0
10.232,0.0
10.24,0.0
10.248,0.0
10.256,0.0
10.264,0.0
10.272,0.0
10.28,0.0
10.288,0.0
10.296,0.0
10.304,0.0
10.312,0.0
10.32,0.0
10.328,0.0
10.336,0.0
10.344,0.0
10.352,0.0
10.36,0.0
10.368,0.0
10.376,0.0
10.384,0.0
10.392,0.0
10.4,0.0
10.408,0.0
10.416,0.0
10.424,0.0
10.432,0.0
10.44,0.0
10.448,0.0
10.456,0.0
10.464,0.0
10.472,1.0
10.48,0.46038070321083063
10.488,0.12217795848846436
10.496,0.009296149015426637
10.504,0.1257193386554718
10.512,0.22000885009765625
10.52,0.2673749327659607
10.528,0.262948215007782
10.536,0.2602921724319458
10.544,0.27401503920555115
10.552,0.2819831669330597
10.56,0.2819831669330597
10.568,0.2965914011001587
10.576,0.2957060635089874
10.584,0.3014608323574066
10.592,0.3098716139793396
10.6,0.31651172041893005
10.608,0.31916776299476624
10.616,0.3156263828277588
10.624,0.32270917296409607
10.632,0.3435148298740387
10.64,0.36609119176864624
10.648,0.3820274472236633
10.656,0.3970783650875092
10.664,0.41301462054252625
10.672,0.43957504630088806
10.68,0.47277557849884033
10.688,0.49889332056045527
10.696,0.525896430015564
10.704,0.5542275309562683
10.712,0.5807879567146301
10.72,0.5900841355323792
10.728,0.5922974944114685
10.736,0.587428092956543
10.744,0.5661797523498535
10.752,0.5254537463188171
10.76,0.4763169586658478
10.768,0.43116423487663275
10.776,0.3864541947841644
10.784,0.3466135561466217
10.792,0.3169544041156769
10.8,0.2992474436759949
10.808,0.2926073372364044
10.816,0.2802124917507172
10.824,0.27091634273529047
10.832,0.262948215007782
10.84,0.26250553131103516
10.848,0.2602921724319458
10.856,0.26073482632637024
10.864,0.26117751002311707
10.872,0.2602921724319458
10.88,0.25896415114402765
10.888,0.2594068050384521
10.896,0.2576361298561096
10.904,0.25807878375053406
10.912,0.26383355259895325
10.92,0.2576361298561096
10.928,0.2576361298561096
10.936,0.2470119595527649
10.944,0.24037185311317444
10.952,0.23904383182525635
10.96,0.23771581053733823
10.968,0.23638778924942017
10.976,0.23505976796150208
10.984,0.24169987440109247
10.992,0.24169987440109247
11.0,0.24302789568901065
11.008,0.24214254319667816
11.016,0.24037185311317444
11.024,0.23727312684059143
11.032,0.24347056448459625
11.04,0.24214254319667816
11.048,0.22487826645374295
11.056,0.22133687138557437
11.064,0.21868082880973813
11.072,0.21425409615039823
11.08,0.2222222238779068
11.088,0.22133687138557437
11.096,0.21336874365806577
11.104,0.2089420109987259
11.112,0.2107127010822296
11.12,0.21425409615039823
11.128,0.2107127010822296
11.136,0.20982736349105835
11.144,0.210270032286644
11.152,0.21735280752182007
11.16,0.22045153379440308
11.168,0.21823816001415247
11.176,0.21691013872623444
11.184,0.21691013872623444
11.192,0.21159805357456207
11.2,0.20628596842288968
11.208,0.20584329962730408
11.216,0.20628596842288968
11.224,0.20097388327121732
11.232,0.2040725946426392
11.24,0.204515278339386
11.248,0.2049579471349716
11.256,0.21425409615039823
11.264,0.2146967649459839
11.272,0.20982736349105835
11.28,0.22664895653724673
11.288,0.2660469114780426
11.296,0.24391323328018188
11.304,0.24612660706043243
11.312,0.21735280752182007
11.32,0.21425409615039823
11.328,0.19964586198329923
11.336,0.20672863721847531
11.344,0.19477644562721247
11.352,0.1903497129678726
11.36,0.18857902288436887
11.368,0.1903497129678726
11.376,0.19477644562721247
11.384,0.19123506546020508
11.392,0.1903497129678726
11.4,0.19743248820304873
11.408,0.19212040305137637
11.416,0.18415227532386777
11.424,0.2151394486427307
11.432,0.3678618967533112
11.44,0.5772465467453003
11.448,0.8959716558456419
11.456,0.9362549781799315
11.464,0.37760069966316223
11.472,0.07658255845308304
11.48,0.0
11.488,0.12350597977638245
11.496,0.210270032286644
11.504,0.25320938229560846
11.512,0.26560425758361816
11.52,0.27180168032646174
11.528,0.277556449174881
11.536,0.2793271243572235
11.544,0.27401503920555115
11.552,0.2766710817813873
11.56,0.27135899662971497
11.568,0.27268701791763306
11.576,0.2806551456451416
11.584,0.2810978293418884
11.592,0.2833111882209778
11.6,0.2926073372364044
11.608,0.3014608323574066
11.616,0.32359451055526733
11.624,0.332890659570694
11.632,0.350597620010376
11.64,0.0
11.648,0.0
11.656,0.0
11.664,0.0
11.672,0.0
11.68,0.0
11.688,0.0
11.696,0.0
11.704,0.0
11.712,0.0
11.72,0.0
11.728,0.0
11.736,0.0
11.744,0.0
11.752,0.0
11.76,0.0
11.768,0.0
11.776,0.0
11.784,0.0
11.792,0.0
11.8,0.0
11.808,0.0
11.816,0.0
11.824,0.0
11.832,0.0
11.84,0.0
11.848,0.0
11.856,0.0
11.864,0.0
11.872,0.0
11.88,0.0
11.888,0.0
11.896,0.0
11.904,0.0
11.912,0.0
11.92,0.0
11.928,0.0
11.936,0.0
11.944,0.0
11.952,0.0
11.96,0.0
11.968,1.0
11.976,0.7551020383834839
11.984,0.1351161152124405
11.992,0.0
12.0,0.2857142984867096
12.008,0.33145672082901
12.016,0.2568613588809967
12.024,0.2582688331604004
12.032,0.253342717885971
12.04,0.27726954221725464
12.048,0.2371569275856018
12.056,0.19704432785511017
12.064,0.2343420088291168
12.072,0.1928219497203827
12.08,0.24700914323329923
12.088,0.1639690399169922
12.096,0.16045038402080536
12.104,0.24489796161651609
12.112,0.2160450369119644
12.12,0.23645320534706116
12.128,0.23926812410354611
12.136,0.2188599556684494
12.144,0.20900774002075195
12.152,0.2188599556684494
12.16,0.25615763664245605
12.168,0.2596762776374817
12.176,0.2793807089328766
12.184,0.28641802072525024
12.192,0.2843068242073059
12.2,0.35256862640380854
12.208,0.35960590839385986
12.216,0.3842364549636841
12.224,0.4102744460105896
12.232,0.34271639585494995
12.24,0.35608726739883423
12.248,0.26812103390693665
12.256,0.273047149181366
12.264,0.19563686847686768
12.272,0.21745249629020688
12.28,0.1731175184249878
12.288,0.19211822748184204
12.296,0.15270936489105225
12.304,0.18367347121238708
12.312,0.14848698675632477
12.32,0.16537649929523468
12.328,0.18930330872535703
12.336,0.13652357459068298
12.344,0.21393385529518127
12.352,0.15341308712959287
12.36,0.18085855245590207
12.368,0.15130190551280975
12.376,0.16748768091201782
12.384,0.16467276215553284
12.392,0.1548205465078354
12.4,0.15130190551280975
12.408,0.20408163964748385
12.416,0.17593243718147275
12.424,0.16185784339904785
12.432,0.19141449034214017
12.44,0.19352568686008453
12.448,0.15763546526432037
12.456,0.15341308712959287
12.464,0.21674877405166623
12.472,0.13018999993801117
12.48,0.22308233380317688
12.488,0.21674877405166623
12.496,0.2638986706733704
12.504,0.33216044306755066
12.512,0.3040112555027008
12.52,0.2920478582382202
12.528,0.37227305769920344
12.536,0.3736805021762848
12.544,0.2962702214717865
12.552,0.19071076810359955
12.56,0.203377902507782
12.568,0.19071076810359955
12.576,0.1548205465078354
12.584,0.09641097486019135
12.592,0.13018999993801117
12.6,0.10204081982374193
12.608,0.1266713589429855
12.616,0.09359605610370639
12.624,0.11118930578231812
12.632,0.0731878951191902
12.64,0.15622800588607788
12.648,0.05418719351291656
12.656,0.3082336485385895
12.664,0.8444757461547852
12.672,0.6213933825492859
12.68,0.16256158053874967
12.688,0.03237156942486763
12.696,0.2343420088291168
12.704,0.24841660261154172
12.712,0.16467276215553284
12.72,0.16959887742996216
12.728,0.14215341210365295
12.736,0.19915552437305448
12.744,0.15552428364753723
12.752,0.1541168242692947
12.76,0.14707952737808228
12.768,0.1541168242692947
12.776,0.13652357459068298
12.784,0.19845178723335263
12.792,0.10978184640407562
12.8,0.14707952737808228
12.808,0.0
12.816,0.0
12.824,0.0
12.832,0.0
12.84,0.0
12.848,0.0
12.856,0.0
12.864,0.0
12.872,0.0
12.88,0.0
12.888,0.0
12.896,0.0
12.904,0.0
12.912,0.0
12.92,0.0
12.928,0.0
12.936,0.0
12.944,0.0
12.952,0.0
12.96,0.0
12.968,0.0
12.976,0.0
12.984,0.0
12.992,0.0
13.0,0.0
13.008,0.0
13.016,0.0
13.024,0.0
13.032,0.0
13.04,0.0
13.048,0.0
13.056,0.0
13.064,0.0
13.072,0.0
13.08,0.0
13.088,0.0
13.096,0.0
13.104,0.0
13.112,0.0
13.12,0.0
13.128,0.0
13.136,0.0
13.144,0.0
13.152,0.0
13.16,0.0
13.168,0.0
13.176,0.0
13.184,0.0
13.192,0.0
13.2,0.0
13.208,0.0
13.216,0.0
13.224,0.0
13.232,0.0
13.24,0.0
13.248,0.0
13.256,0.0
13.264,0.0
13.272,0.0
13.28,0.0
13.288,0.0
13.296,0.0
13.304,0.0
13.312,0.0
13.32,0.0
13.328,0.0
13.336,0.0
13.344,0.0
13.352,0.0
13.36,0.0
13.368,0.0
13.376,0.0
13.384,0.0
13.392,0.0
13.4,0.0
13.408,0.0
13.416,0.0
13.424,0.0
13.432,0.0
13.44,0.0
13.448,0.0
13.456,0.0
13.464,1.0
13.472,0.7061759233474731
13.48,0.3231441080570221
13.488,0.10168433934450148
13.496,0.013724266551434992
13.504,0.22270742058753967
13.512,0.2857142984867096
13.52,0.2956955730915069
13.528,0.32501560449600214
13.536,0.35059264302253723
13.544,0.3611977398395538
13.552,0.3699313700199127
13.56,0.36868372559547424
13.568,0.37429818511009216
13.576,0.3842794895172119
13.584,0.38303181529045105
13.592,0.3817841410636902
13.6,0.3942607641220093
13.608,0.4054897129535675
13.616,0.41796630620956415
13.624,0.4329382479190826
13.632,0.4522769749164581
13.64,0.471615731716156
13.648,0.4990642666816712
13.656,0.5396132469177246
13.664,0.5807860493659973
13.672,0.6207111477851868
13.68,0.645664393901825
13.688,0.6805988550186157
13.696,0.6974422931671144
13.704,0.7043044567108153
13.712,0.6887086629867554
13.72,0.65751713514328
13.728,0.5907673239707947
13.736,0.5177791714668274
13.744,0.46163442730903625
13.752,0.40923267602920527
13.76,0.3718028664588928
13.768,0.34497815370559687
13.776,0.33312538266181946
13.784,0.3231441080570221
13.792,0.3194011151790619
13.8,0.31191515922546387
13.808,0.3181534707546234
13.816,0.3144104778766632
13.824,0.31129133701324463
13.832,0.3156581521034241
13.84,0.3194011151790619
13.848,0.3194011151790619
13.856,0.31004366278648376
13.864,0.3125389814376831
13.872,0.3194011151790619
13.88,0.321272611618042
13.888,0.32376793026924133
13.896,0.3262632489204407
13.904,0.3231441080570221
13.912,0.32064878940582275
13.92,0.3144104778766632
13.928,0.32501560449600214
13.936,0.32189643383026123
13.944,0.31628197431564326
13.952,0.3144104778766632
13.96,0.3169057965278625
13.968,0.30068621039390564
13.976,0.29507175087928766
13.984,0.2981908917427063
13.992,0.3050530254840851
14.0,0.29694321751594543
14.008,0.2956955730915069
14.016,0.29631939530372614
14.024,0.29008108377456665
14.032,0.28321895003318787
14.04,0.3000623881816864
14.048,0.2913287580013275
14.056,0.2907049357891083
14.064,0.285090446472168
14.072,0.27947598695755005
14.08,0.28633812069892883
14.088,0.28072363138198847
14.096,0.28696194291114807
14.104,0.2769806683063507
14.112,0.27947598695755005
14.12,0.2769806683063507
14.128,0.28321895003318787
14.136,0.28259512782096863
14.144,0.2732376754283905
14.152,0.2782283127307892
14.16,0.2956955730915069
14.168,0.2944478988647461
14.176,0.3087960183620453
14.184,0.31503430008888245
14.192,0.29507175087928766
14.2,0.2888334393501282
14.208,0.2751091718673706
14.216,0.2769806683063507
14.224,0.27261385321617126
14.232,0.2701185345649719
14.24,0.2551465928554535
14.248,0.23206487298011777
14.256,0.23767934739589688
14.264,0.243293821811676
14.272,0.25202745199203486
14.28,0.2526512742042541
14.288,0.2557704448699951
14.296,0.24641297757625577
14.304,0.2526512742042541
14.312,0.3537117838859558
14.32,0.41547098755836487
14.328,0.5233936309814453
14.336,0.898315668106079
14.344,0.9270118474960328
14.352,0.43792888522148127
14.36,0.2145976275205612
14.368,0.0
14.376,0.027448533102869987
14.384,0.21771678328514096
14.392,0.2501559555530548
14.4,0.26138490438461304
14.408,0.2763568162918091
14.416,0.3038053512573242
14.424,0.29694321751594543
14.432,0.3038053512573242
14.44,0.29507175087928766
14.448,0.31628197431564326
14.456,0.3194011151790619
14.464,0.310667484998703
14.472,0.32439175248146057
14.48,0.3431066870689392
14.488,0.3443543314933777
14.496,0.3555832803249359
14.504,0.3643169105052948
14.512,0.3811603188514709
14.52,0.0
14.528,0.0
14.536,0.0
14.544,0.0
14.552,0.0
14.56,0.0
14.568,0.0
14.576,0.0
14.584,0.0
14.592,0.0
14.6,0.0
14.608,0.0
14.616,0.0
14.624,0.0
14.632,0.0
14.64,0.0
14.648,0.0
14.656,0.0
14.664,0.0
14.672,0.0
14.68,0.0
14.688,0.0
14.696,0.0
14.704,0.0
14.712,0.0
14.72,0.0
14.728,0.0
14.736,0.0
14.744,0.0
14.752,0.0
14.76,0.0
14.768,0.0
14.776,0.0
14.784,0.0
14.792,0.0
14.8,0.0
14.808,0.0
14.816,0.0
14.824,0.0
14.832,0.0
14.84,0.0
14.848,0.0
14.856,0.0
14.864,0.0
14.872,0.0
14.88,0.0
14.888,0.0
14.896,0.0
14.904,0.0
14.912,0.0
14.92,0.0
14.928,0.0
14.936,0.0
14.944,0.0
14.952,0.0
